,protein_name,num_sample,mol_id,Model,FF_unminimised_Minimized Vina score,FF_unminimised_Vina score,FF_unminimised_Minimized Glide score,FF_unminimised_Glide score,FF_unminimised_VALIDITY3D_BOND_LENGTH,FF_unminimised_VALIDITY3D_BOND_ANGLE,FF_unminimised_VALIDITY3D_BOND_TORSION,FF_minimised_Minimized Vina score,FF_minimised_Vina score,FF_minimised_Minimized Glide score,FF_minimised_Glide score,FF_minimised_VALIDITY3D_BOND_LENGTH,FF_minimised_VALIDITY3D_BOND_ANGLE,FF_minimised_VALIDITY3D_BOND_TORSION,easydock_redocking_rmsd,easydock_plif,easydock_redocking_score,glide_redocking_rmsd,glide_plif,glide_redocking_score,SMILES,MW,QED,logP,SAScore
0,GPCR_5HT2C,50,DiffSBDD_0,DiffSBDD,-8.145,-7.771,10000.0,10000.0,0.0002617194602917755,0.14965599761070333,0.7794327576043104,-8.401,-8.134,-8.575,-7.554,0.8498512281085302,0.7636786780522749,0.11231837798113216,9.039368064195637,0.0,-9.188,3.783206465220315,0.0,-7.926482927361221,CO[C@H](CNC[C@H](CC(=O)O)N1CCCC1)[C@@H](O)N(C)C[C@H]1C[C@@H](O)C2=C1C=C(CF)CC2,469.5980000000002,0.29788813654464125,1.1474000000000015,5.0359690308791505
1,GPCR_5HT2C,50,DiffSBDD_1,DiffSBDD,-7.529,-5.982,,,0.1025719862943244,0.44826426296997984,,,,,,,,,,,,10.951356932978213,0.0,-7.530640386243584,CO[C@@H]1C[C@@H](N(CCOCCN2C[C@@H]2[PH]2(CC[C@@H](C)O)OC3CC(=O)C=CC(O)=C32)C(C)=O)[C@@H](C)C1,526.6110000000002,0.22687040378690515,2.4399000000000006,5.700881399144455
2,GPCR_5HT2C,50,DiffSBDD_10,DiffSBDD,-10.302,-10.189,10000.0,10000.0,0.000618004602882117,0.12734786334107534,0.04929713389921369,-9.791,-9.024,-10.77,-9.868,0.8526592264437404,0.9096388045298602,0.7937326000424015,4.089814251419142,0.667,-11.69,2.1255256301126697,0.0,-8.946858316391843,Cc1ccc(S(=O)(=O)NS(=O)(=O)NC[C@@H](C)CCN(Cc2ccccc2)c2ccccc2F)c(Cl)c1,554.1090000000003,0.34074431678004263,4.633220000000003,3.181197103459585
3,GPCR_5HT2C,50,DiffSBDD_11,DiffSBDD,-6.091,-5.546,10000.0,10000.0,1.1611992741525245e-07,8.32004270849373e-10,9.199133522657113e-07,-4.863,-4.511,-0.8659,-0.4994,0.853646775153866,0.7329120757748192,0.08588609698825073,7.343681591170739,0.667,-6.116,5.0031933784995335,0.0,-1.5726727435370733,CCCCCC[S@](=O)CCCCCCCN,247.4479999999999,0.5380816458554809,3.2246000000000024,2.829143853959998
4,GPCR_5HT2C,50,DiffSBDD_12,DiffSBDD,-5.911,-4.636,-6.898,10000.0,0.2030398722139811,0.5496802533076098,0.10418838791741804,-8.468,-7.698,-7.058,-4.454,0.7392318488740144,0.7651372362816699,0.24459344795707003,3.0772879293299806,0.444,-10.211,6.460688853043528,0.0,-7.513423677032753,C=C(C[C@@H](C)[C@@H](C)N=C[C@H](CO)c1ccc(C)cc1)NC(=O)CC[C@H](C)[C@]12CC[C@](C(F)F)(CS1)C2,520.7300000000004,0.29103145369792316,6.523620000000008,6.127351657416561
5,GPCR_5HT2C,50,DiffSBDD_13,DiffSBDD,-6.464,-6.286,10000.0,10000.0,0.32082884512265386,0.6249547694208919,0.4040814158949828,-7.602,-7.404,-9.185,-9.03,0.8999866792659567,0.8538171400166851,0.15651535233362074,2.3642360409110714,0.667,-8.508,2.541765488435031,0.0,-7.3460484597339075,CC[C@H]([C@H](C)O[C@@H]1CCc2ccc(F)cc21)N(CNO)C[C@@H](CCCC[C@H](CC(O)O)OC)OC,500.6520000000004,0.13793033218414621,3.526200000000001,4.85749684087802
6,GPCR_5HT2C,50,DiffSBDD_14,DiffSBDD,-8.111,-7.6,-7.057,10000.0,0.09127220552164758,0.39643198218782705,0.024043013400710522,-8.372,-7.74,-7.9,-7.922,0.9277337182839283,0.9048613371615648,0.16425375038881532,7.545076429036357,0.556,-8.615,2.656501383436002,0.0,-6.535431522014366,C=C(C)CN1CCC(CC[C@@H](C)N[C@H](O)Cc2cncc(Cl)c2)CC1,365.9490000000002,0.5177914403064164,3.6423000000000023,3.5429287976566144
7,GPCR_5HT2C,50,DiffSBDD_15,DiffSBDD,-6.635,-5.638,-5.13,10000.0,0.008060879694924588,0.4521634317151029,,-5.947,-5.728,-5.586,-5.116,0.5126241495580759,0.9065364196436047,,7.050023069308198,0.333,-7.278,6.92531609763647,0.0,-6.738336569486873,O=S(=O)(C[C@@H]1CCNC1)N[C@@H]1C[C@H]2CCC[C@H]2O1,274.38599999999997,0.7800009254659084,0.4304000000000004,4.3090857278536205
8,GPCR_5HT2C,50,DiffSBDD_16,DiffSBDD,-7.706,-6.142,10000.0,10000.0,2.826268260808245e-06,0.03673256040404865,,-9.611,-9.176,-10.64,-10.26,0.6496859989920672,0.8785375380724314,,1.147596825406994,0.222,-13.487,9.802185129556655,0.0,-8.625644658120299,O=CC1=C(N[C@@]23CCC[C@H]4[C@@H]2[C@H]43)OC2C=CC(F)=CC2=C1CCC#C[C@H]1CC[C@H]2CCCCN2C(=O)[C@@H]1O,518.6290000000004,0.4272664266729393,3.8392000000000026,6.384664340408301
9,GPCR_5HT2C,50,DiffSBDD_17,DiffSBDD,10.849,20.125,10000.0,10000.0,1.4507764706160264e-05,0.5524000144624568,,1.212,3.987,-6.833,10000.0,0.8711476215252214,0.9308081277955129,,4.520335221288407,0.222,-10.47,7.188161551258679,0.0,-8.454538216262039,CC(C)C[C@@H]([C@@H](O)N[C@H](CO)C[C@@H]1C[C@@H](NC[C@H]2[C@@H](S)OC3=CC=CC=C[C@@H]32)CC[C@@H]2[C@H](C)N12)N1NCCN1,562.8250000000003,0.10833308967266171,1.4967000000000028,6.246460033526607
10,GPCR_5HT2C,50,DiffSBDD_18,DiffSBDD,-8.738,-7.163,-9.035,10000.0,0.0010609943078903506,0.07294243483987627,0.1959769173147278,-8.848,-8.123,-9.465,-9.174,0.8026305501962292,0.7633329730020258,0.2245879925726564,3.7040714006585334,0.444,-9.745,,,,C=CC[S@@](O)(CC(=C)CC(=O)N=C(C)C(C)(C)[C@@H](O)c1cc(Cl)c(C)cc1C)c1ccccc1,502.1200000000003,0.2617175741777331,7.4729400000000075,4.321583134038237
11,GPCR_5HT2C,50,DiffSBDD_19,DiffSBDD,-8.051,-7.908,-8.309,10000.0,0.00011236652487508182,0.17606518083540784,0.25569657566655696,-8.579,-7.386,-8.831,-7.625,0.7305575236449974,0.6612067318089677,0.08078878730620384,1.8770068048503563,0.333,-9.829,5.469272979075029,0.0,-8.021869358513994,CO[C@H](O)CN(Cc1ccc(C(F)F)cc1C)[C@H]1CC[C@@H](NN2C[C@@H](NCO)C(=O)N2)[C@H]1C,471.54900000000015,0.2991801835664835,0.625920000000002,5.127775067484686
12,GPCR_5HT2C,50,DiffSBDD_2,DiffSBDD,-7.727,-6.295,-9.561,10000.0,0.0016721234520376933,0.3939638498549103,,-8.564,-7.645,-8.711,-7.774,0.8295461494244663,0.8189696772493846,,3.3227943017027957,0.444,-10.695,3.050353590261388,0.0,-8.204355899022186,CC[C@H](C)[C@H]1C[C@@H](N(CC)[C@H](C)CCC[C@H]2CS[C@@H]3CCC[C@]23C)CN1C1=C=CCC(F)=C=CC1,500.8120000000004,0.27965988946338927,8.11920000000001,6.026821876946006
13,GPCR_5HT2C,50,DiffSBDD_20,DiffSBDD,-3.966,-3.888,-4.227,-3.684,0.14346775595183098,0.3057901597354599,,-3.884,-3.251,-4.167,-3.637,0.9682401236641817,0.9834473947852317,,5.737602064847773,0.0,-4.556,1.8465559698874043,0.0,-4.790413460785092,CS[C@@H](C=O)CCOCCN,177.26899999999998,0.4481682242061839,0.2823,3.7472434072165886
14,GPCR_5HT2C,50,DiffSBDD_21,DiffSBDD,-11.299,-10.857,-9.407,-8.011,0.00022054368581068176,0.0005628224717948476,0.007353979979123554,-11.321,-10.715,-9.699,-9.461,0.9261898630063532,0.9205162489007724,0.9685041014116997,0.838757867325248,0.444,-11.822,8.658352622981996,0.0,-7.183604015835024,C[C@@H]1CC[C@H]2[C@@H]1CC[C@@H](O)N2c1ccc(-c2cccc(CF)c2)cc1,339.45400000000006,0.8351015614067792,5.156400000000006,3.6332731652572843
15,GPCR_5HT2C,50,DiffSBDD_22,DiffSBDD,-4.319,3.752,10000.0,10000.0,3.996172484266739e-06,0.3869650461448884,0.198145058953756,-7.378,-4.217,-5.709,10000.0,0.6935488441816214,0.5776830247058975,0.3199142853660087,10.187290787217833,0.222,-11.074,11.9069596895088,0.0,-8.366795789379768,CCSC1=CNCNC(=O)[C@@]1(C)CC[C@@H]1O[C@H]1c1cccc([C@H](CO)Oc2ccc(C(N)=O)cc2)c1,511.6440000000003,0.34074744472706475,3.3957000000000015,4.550324626779238
16,GPCR_5HT2C,50,DiffSBDD_23,DiffSBDD,-5.733,-5.294,-7.079,-5.569,0.027864926526404772,0.31724595741167666,0.1455171335498727,-5.838,-5.478,-7.364,-7.29,0.9461660984657116,0.912706136274907,0.7770688703514947,0.9287759686813615,0.444,-6.46,0.6497540143859061,0.0,-6.324787443972473,Cc1cc(O)c(C)c(S)c1,154.23399999999998,0.5492970159311391,2.29774,2.678017295669596
17,GPCR_5HT2C,50,DiffSBDD_24,DiffSBDD,-7.867,-6.655,10000.0,10000.0,0.006049857007933933,0.015064446856807467,5.978110099968234e-07,-8.59,-7.562,-8.968,-8.335,0.8025396540857835,0.855417488418177,0.0010870576770940956,9.433808142028651,0.333,-9.69,10.57399679733867,0.0,-7.913666123562642,CCC(=O)NCC[C@]1(O)C[C@]12CCC[C@H](CCC[C@@]1(O)C3C[C@H](CC)[C@@H](CO)C[C@]31O)[C@H]2C,465.6750000000003,0.34044212597748763,3.150900000000002,5.7639977088787635
18,GPCR_5HT2C,50,DiffSBDD_25,DiffSBDD,-6.096,-5.638,-5.765,-5.126,0.000527505150177371,0.13804836556851888,0.0649779155765206,-6.232,-5.834,-5.797,-5.523,0.8713165207749577,0.8132109196830333,0.4531052164600177,6.220823053798161,0.0,-6.875,4.932585402097734,0.0,-6.6180561453912405,CC=CCCCC1=CCN(C(C)=O)CC1,207.31699999999995,0.5124899573098933,2.9114000000000013,2.8183693825401797
19,GPCR_5HT2C,50,DiffSBDD_26,DiffSBDD,-6.27,1.952,10000.0,10000.0,6.232184101717627e-06,3.874454551652653e-06,0.12135399965227014,-6.214,-2.717,-7.353,10000.0,0.4614212808983504,0.7484910940403127,0.12847061386507097,4.821900340311058,0.222,-9.736,3.6718586423041493,0.0,-9.653870354041048,CC(C)CCC(C[C@H]1C=CC=NC1=O)ON1CCC(C[C@@H]2C[C@H](N(C=O)CCOO)C[C@@H]3[C@@H](C)N23)CC1,518.6990000000003,0.16263736545418922,3.5501000000000023,5.643033190344806
20,GPCR_5HT2C,50,DiffSBDD_27,DiffSBDD,-6.826,-6.449,-8.131,10000.0,0.027390276443712887,0.0002839463389190667,,-6.621,-6.172,-9.013,-8.421,0.6794037316155804,0.6024076359694086,,4.247853711729019,0.222,-9.617,9.363280747677962,0.0,-7.920165477236262,CC[C@H](C)c1sc(CNCN2CNC(C#N)C(=O)N3CCC[C@@H]3C2)c(C)c1CCC(=O)O,461.63200000000035,0.518015210097812,2.3802000000000003,4.598671082160324
21,GPCR_5HT2C,50,DiffSBDD_28,DiffSBDD,-2.007,-2.007,,,0.2600821308615725,0.6157368298532571,0.666319998098307,,,,,,,,,,,8.381975575208944,0.0,-7.8046397906143214,O=C1N[PH]2(Cc3ccc(C(F)(F)F)cc3[C@H]1F)O[C@@H]2[C@H]1CC=CCCC1,389.3290000000001,0.31689834985604426,5.028400000000003,5.397361041526267
22,GPCR_5HT2C,50,DiffSBDD_29,DiffSBDD,-8.371,-7.867,10000.0,10000.0,0.000598877505632587,0.7821579427821428,0.41327641612516863,-8.199,-8.071,-9.583,-10.16,0.8574944125906571,0.9112347345011071,0.7405359477496564,2.4568439976057546,0.444,-10.887,3.3546050969019197,0.0,-9.702027993617602,CCC[C@H]1[C@H](CN(C[C@H](C)CN2C=C3CCC(=O)CC[C@H]3O2)C(N)=O)CCN1Cc1ccccc1,482.6690000000003,0.5367938616125028,4.336800000000004,4.6044602226392
23,GPCR_5HT2C,50,DiffSBDD_3,DiffSBDD,-8.531,-7.072,-7.37,10000.0,0.15014185830969828,0.5972844093676744,,-8.18,-7.128,-7.451,-7.236,0.9047043000167511,0.6120188650812624,,8.679716158953587,0.0,-8.997,8.192611074145354,0.0,-7.439974821415438,CC1=C([C@H](O)CN2CC=C(N3CC[C@@H](C)C3)CC2=O)OC[C@H](C)[C@@H]1O,350.4590000000002,0.794504822491951,1.1064999999999996,4.764813048200429
24,GPCR_5HT2C,50,DiffSBDD_30,DiffSBDD,-8.791,-7.649,-6.481,10000.0,0.056293040240105625,0.21146386040952267,0.024842906489388358,-9.206,-8.67,-7.918,-7.718,0.7881588828233402,0.8253215694982292,0.7820798595665736,0.9168876846788763,0.667,-10.29,4.88060271928662,0.0,-6.835924216364309,COC[C@H](CC(=O)O)N[C@]1(O)C[C@H]([C@@H]2C[C@@H](c3ccccc3)O2)OC[C@@H]1N1CC[C@H](C(=O)[C@H](C)C(=O)O)C1,534.6060000000002,0.2246515990236001,1.0537000000000025,4.909399661275339
25,GPCR_5HT2C,50,DiffSBDD_31,DiffSBDD,-5.942,-5.683,-4.059,10000.0,0.0658135690400656,0.23674681188917807,0.02483574721263588,-5.729,-5.43,-3.31,-3.17,0.9161897476049515,0.8702946746275604,0.08478346745681244,7.551873301931186,0.333,-6.777,4.475587644831764,0.0,-4.435961017453481,CC[C@H](C)CCCCCN1[C@H]2CCN(CCO)CN21,269.433,0.5126935262126217,2.1070999999999995,4.176633052092338
26,GPCR_5HT2C,50,DiffSBDD_32,DiffSBDD,-0.527,-0.527,10000.0,10000.0,0.006283096079216419,0.5529634151662917,,-1.904,-1.904,10000.0,10000.0,0.7691580208815995,0.7540603225023167,,5.158158824567102,0.0,-10.51,3.6969361922138013,0.0,-8.963397164437083,CC1=N/C[C@H](C)[C@@H]([C@H]2C[C@@H](C)[C@@H](NC(=O)[C@@H](C(N)=O)N3OC[C@H](Cl)[C@H]4CCO[C@@H]43)C(=O)N2C#N)N/C=C\1,536.0330000000002,0.24834341203242427,-0.15711999999999499,6.0413915147554444
27,GPCR_5HT2C,50,DiffSBDD_33,DiffSBDD,-9.751,-9.715,-8.159,10000.0,0.0072478296008909515,0.6674104861359454,0.0033527634687467293,-9.658,-9.411,-8.311,-6.933,0.9342598364638026,0.8800743782572201,0.19504826849171136,0.694194431763113,0.556,-10.14,4.034336824802487,0.0,-7.502247834940751,Cc1ccc(NCC[C@H](C)[C@H]2CCc3ccccc3C2)cc1,293.454,0.7947847591596015,5.2382200000000045,2.8372559117985983
28,GPCR_5HT2C,50,DiffSBDD_34,DiffSBDD,-7.236,-7.236,-10.08,10000.0,0.0001839536258261272,0.8107288540368361,,-5.772,-5.772,-10.18,-9.71,0.8318345882187047,0.6633450901076258,,0.4538720309876132,0.333,-10.508,8.664059463603484,0.0,-8.917913988926985,COCCO[C@H]1C[C@@H]1N1CC[C@H](O)[C@@H](NCC[C@H](CN)c2ccsc2)OC(=O)[C@@H]2C[C@@H]2[C@@H](C(C)=O)CS1(=O)=O,587.7610000000002,0.2346395744495488,0.681000000000003,5.792727985612059
29,GPCR_5HT2C,50,DiffSBDD_35,DiffSBDD,-5.093,-5.091,-0.8764,-0.034,0.15159533491914004,0.09375624728297116,0.0119389434959173,-4.678,-4.454,-1.131,-0.8591,0.804755868014335,0.6088311262308949,0.1271625732318664,7.009641203371254,0.444,-5.696,5.396624179676409,0.0,-2.8702603787473637,O=C(O)CCCC[C@H]1CN1CCCCCl,233.73899999999998,0.37759881229275155,2.3346,3.0848152956685038
30,GPCR_5HT2C,50,DiffSBDD_36,DiffSBDD,-7.146,-6.374,10000.0,10000.0,0.00010514953991136745,1.564375735717711e-06,0.6432054028027157,-4.838,-4.838,-7.906,-7.472,0.828221294739827,0.6964456383864165,0.2699699719824242,10.472174035441324,0.333,-9.494,3.224567284353444,0.0,-7.088807080416705,CO[C@@H](C[C@@H]1[C@@H]([C@H](O)CCCC(=O)Nc2ccn(C)c2)[C@@]12CCCOCC[C@H](O)C2)C1(OC)CC1,492.65700000000027,0.4382913682283749,3.2628000000000013,5.866168197238052
31,GPCR_5HT2C,50,DiffSBDD_37,DiffSBDD,-5.915,-5.701,-2.684,10000.0,0.009356605307029739,0.05755401164773668,0.006567507782804448,-5.608,-5.459,-2.434,-2.223,0.8892856943871592,0.8707048023951842,0.15264589371689213,4.465090754956724,0.556,-6.511,3.2641842241310477,0.0,-2.96648908529215,O=C(CCO)CCCCNCCCCCC=CC1CC1,281.44000000000005,0.37951785224003903,3.224400000000002,2.5805789532861745
32,GPCR_5HT2C,50,DiffSBDD_38,DiffSBDD,-6.724,-3.831,-8.994,10000.0,3.5244391141522915e-07,0.01702509026306093,0.13893748129638211,-7.182,-6.561,10000.0,10000.0,0.7501835295032174,0.7814707228251945,0.42507429157867843,3.825607368358925,0.222,-10.107,10.721630377001981,0.0,-8.114646662888402,C=CN[C@H](C1=N[C@@H]([C@H](F)C(F)(F)[C@@H](O)C[C@@H](C)[C@H](Nc2cc(F)ccn2)OC)CC=CC1)[C@H](C)C(F)(F)F,554.5510000000002,0.17238513380931691,5.4253000000000045,5.724066899101913
33,GPCR_5HT2C,50,DiffSBDD_39,DiffSBDD,-8.376,-7.374,-6.65,-1.27,0.0739835317407955,0.35296636227858824,0.0012186432178379549,-8.693,-7.964,-6.149,-2.361,0.9206058039956918,0.9813455080903055,0.001918706403165355,3.1922759763358353,0.0,-9.128,4.827443403097262,0.0,-7.076987277174112,CN(F)[C@H]1C=NN(C[C@H](O)[C@@H]2CN(C(=O)Nc3ccc(F)cc3NCO)[C@@H]3O[C@@H]3O2)C1(O)O,474.4210000000001,0.15702652797502517,-1.4118999999999993,5.310679716681643
34,GPCR_5HT2C,50,DiffSBDD_4,DiffSBDD,-7.376,-7.165,-5.736,10000.0,4.115804302992635e-05,0.33716063695100534,0.006595457569973552,-7.035,-7.035,-8.132,-7.398,0.7476727197601196,0.8302722995125018,0.01656472739033725,7.30897540976439,0.222,-10.079,2.563914154287415,0.0,-8.497654870620762,CCCC[C@@H]1CCc2c(F)cc(CN)cc2C[C@H]1C(=O)N(C)C(=O)[C@@H](CC)C[C@H]1CCC[C@@H](C(N)=O)C1,515.7140000000004,0.43279513160814037,4.888700000000004,4.418227635196145
35,GPCR_5HT2C,50,DiffSBDD_40,DiffSBDD,-8.044,-5.344,-7.291,10000.0,0.043590251333630044,0.45411891233923674,0.00016496719530196448,-8.081,-7.675,-7.374,-6.73,0.8817446585651044,0.8790524057970969,0.41327336230205786,,,,4.099320048842436,0.0,-6.83013145938424,CC(C)Nc1ccc(OCC[P@TB1]2(=O)[C@H](C3SC(F)(F)OC[C@H]3C)[C@@H]2C2CC2)cc1,445.5120000000002,0.5182065819132422,5.728000000000006,4.904194537437039
36,GPCR_5HT2C,50,DiffSBDD_41,DiffSBDD,-7.354,-7.324,-9.581,10000.0,0.2596314818138308,0.5663388032078738,0.3659594337930196,-8.942,-8.942,-10.1,-9.557,0.8269681785744181,0.8601278111878465,0.42356990873164546,1.1424204379924485,0.444,-12.274,2.224598175807372,0.0,-8.845091773948026,C[C@H]1C(=O)N(CO)C(=O)C1=CO[C@@H](C)[C@@H]1OC2(CCCCC2)Cn2c(cc3ccccc32)CN1C,481.59300000000036,0.4095648611076767,3.3760000000000012,5.150041457365585
37,GPCR_5HT2C,50,DiffSBDD_42,DiffSBDD,7.006,12.642,10000.0,10000.0,9.527983895309538e-07,0.0013484212173416662,0.02753281498742965,5.51,6.497,10000.0,10000.0,0.33910041767218707,0.23660555799280697,0.1433809247210099,7.855854411060439,0.556,-10.531,9.058580695943261,0.0,-7.50080969782041,CCCc1cccc(CC[C@H](CCCCC[C@@H](O)CO)N[C@H]2C[C@H]3[C@@H]4C[C@@](C)(C[C@@H]42)O[C@H]3C(C)C)c1,499.78000000000037,0.25668384751007733,6.061800000000009,5.474721868887058
38,GPCR_5HT2C,50,DiffSBDD_43,DiffSBDD,-10.396,-9.15,-8.672,10000.0,0.02671392574002149,0.027447899243906615,0.09368228212996116,-10.321,-9.801,-7.043,-8.36,0.857288137863433,0.8924644981623964,0.41561580787341695,2.022840962316002,0.556,-11.093,2.6079455091360084,0.0,-9.358518135870021,CC[C@@H](C[C@H](C(=O)Nc1cc(O)cc([C@@H](C)CC)c1)c1ccc(O)cc1)c1cc(F)ccc1Cl,484.0110000000002,0.2916300860384885,7.710000000000007,3.551457119695449
39,GPCR_5HT2C,50,DiffSBDD_44,DiffSBDD,-8.127,-8.117,-8.66,10000.0,0.006003429589678208,0.881832017353913,0.2372576101045457,-7.559,-7.559,-8.668,-9.052,0.9027174750483057,0.9416947729635655,0.5927422474521422,2.2180357796933747,0.333,-10.287,3.8201983903254084,0.0,-7.353195736427885,C=C[C@@H](NC1=CCC(c2cccc(C(N)=O)c2)=NC=C1)C1CCCC1,335.451,0.7782616649952978,3.710300000000003,3.700700460942155
40,GPCR_5HT2C,50,DiffSBDD_45,DiffSBDD,-8.012,-7.675,10000.0,10000.0,9.550656398031909e-08,0.012208110430349126,0.11124750468688943,-8.304,-7.084,-8.282,-7.757,0.7848608996866171,0.6717748142459632,0.021285388938387273,9.667702876679893,0.556,-10.69,10.487616554582516,0.0,-8.073339743907894,O=C(O)CC[C@@H]1C[C@@H](S(=O)(=O)CC(=O)N(CO)CC[C@@H]2[C@H]3CCCC[C@H]3[C@@H]2C2CC2)[C@@H]2S[C@@H]2C1,513.7220000000003,0.3223552752859653,3.1595000000000013,5.198101490108236
41,GPCR_5HT2C,50,DiffSBDD_46,DiffSBDD,-7.36,-7.541,-6.858,10000.0,0.01092200272406617,0.8235253124626606,,-8.001,-7.421,-6.812,-6.794,0.8769966807524325,0.998411865756036,,3.3523600814030434,0.333,-8.365,2.2401812571553448,0.0,-7.431002624794214,C=CCCN1C[C@H]1[C@@H]1OC(C)=N[C@@H]1SCCCC1=CC=C(OC)C(=O)C1,376.5220000000001,0.33250154913578744,3.332900000000002,5.037061345779229
42,GPCR_5HT2C,50,DiffSBDD_47,DiffSBDD,-7.391,-5.981,-6.947,-6.192,0.22984979525563412,0.7611994040176181,0.35345274641987445,-7.088,-6.955,-7.758,-7.693,0.9607444026492306,0.8744734930876906,0.5437214962455194,9.433785643378664,0.0,-9.018,2.7659238778292665,0.0,-7.905010715952586,COc1ccc([C@H]2[C@@H]3N[C@@H](CNC4=C=CNC=CC4)SN32)cc1,328.4410000000001,0.4368933804239267,2.0486,5.29611430386443
43,GPCR_5HT2C,50,DiffSBDD_48,DiffSBDD,-6.02,-5.775,-7.101,10000.0,0.016620209800351834,0.22120694734884339,5.680604753286368e-08,-5.713,-5.713,-7.549,-6.997,0.8039907303087337,0.7849488596657619,0.00017547801136006278,2.1981654993425765,0.333,-8.23,6.979691824671617,0.0,-7.572654436280047,COC(C)=CCC(=O)[C@@H](C)CCCCCN1CCCC[C@@H](NCCC(CO)CC(=O)O)C1,454.6520000000002,0.22802538886457113,3.609700000000002,3.934623545427395
44,GPCR_5HT2C,50,DiffSBDD_49,DiffSBDD,-5.33,-4.494,-0.9689,10000.0,0.0039284111051991685,0.0437733087204612,3.256647645982328e-05,-5.246,-4.855,10000.0,-1.077,0.8181066545225242,0.689253622118703,0.004391883092109275,8.170078555993884,0.333,-7.213,6.391523836579766,0.0,-3.264615866197613,CC[C@H](C[C@@H](C)CCCCC(C)C)[C@@H](O)C(=O)O,258.40199999999993,0.5873615473044277,3.700700000000002,3.4054660850155756
45,GPCR_5HT2C,50,DiffSBDD_5,DiffSBDD,-8.561,-8.426,-6.05,10000.0,0.0006754094991419889,0.4073241396138175,,-7.521,-6.67,-7.108,-7.007,0.8096301073368602,0.782154507760391,,9.349183081761545,0.0,-8.65,5.676285343691763,0.0,-5.893596470115589,CO[C@H](C[C@@]1(O)[C@@H]2C[C@@H](C(=O)O)CC=C2[C@@](C)(O)[C@H](O)[C@@H]1OC)[C@H]1C[C@@H]1O,386.44100000000014,0.3919260894518238,-0.31889999999999935,5.3408785078835255
46,GPCR_5HT2C,50,DiffSBDD_6,DiffSBDD,-8.263,-7.89,-6.72,-1.25,0.14546709443203895,0.03880969406086223,1.5044906826088566e-06,-8.217,-7.936,-6.275,-6.556,0.8585783581122624,0.7556397516758999,0.1845646827634998,7.363001609964059,0.222,-8.864,9.734682757260206,0.0,-6.268764566949678,CC1=CCC=C1CC(=O)CCNC(=O)[C@H](C)C=C=C[C@H]1CCOC1,329.44000000000005,0.6962313418502879,3.1122000000000014,4.6480789756833065
47,GPCR_5HT2C,50,DiffSBDD_7,DiffSBDD,-5.416,-6.473,-3.587,10000.0,2.010327100704627e-08,1.7667060410859063e-07,8.0164461575962e-10,-5.54,-4.987,10000.0,10000.0,0.6071341406077058,0.6737727387114337,1.146341878764071e-05,4.364950420556118,0.333,-8.366,6.608719401203413,0.0,-5.852847655749027,CCCC[C@H](C[C@@H](C)O)C[C@H]1[C@H](O)CN1C(=O)CC(C)(C)CC,327.5090000000002,0.6466742426484572,3.3518000000000026,4.19941576888928
48,GPCR_5HT2C,50,DiffSBDD_8,DiffSBDD,-5.53,-5.07,10000.0,10000.0,0.1191686628613379,0.8377142655622879,0.4385908289884523,-6.232,-5.133,-7.816,10000.0,0.7427622545739742,0.7691566578226029,0.4980932052527675,4.942937288866475,0.556,-9.526,6.487198045008764,0.0,-6.8963668454584885,CCCCN1CCC2=C([C@@H]3O[C@H]3C)Cc3c(F)cc(N)cc3N=C21,329.41900000000004,0.6783575336493961,3.583700000000002,4.081803680214948
49,GPCR_5HT2C,50,DiffSBDD_9,DiffSBDD,-5.865,-5.865,-8.577,-6.455,0.04847597699684797,0.0852005565953003,,-5.358,-5.358,-7.37,-8.056,0.7907945959129377,0.6079250969000012,,0.5582385415131869,0.333,-10.012,2.215768673890108,0.0,-7.439386268937204,COC1=CC[C@H](CCN[C@H]2CC/C=C(/[C@@H](C)O)CCC2)CC[C@@H]1C(=O)O,365.5140000000002,0.6004645990360697,3.6372000000000027,4.256964142464216
50,GPCR_5HT2C,50,Pocket2Mol_0,Pocket2Mol,-2.279,-2.071,-2.019,-2.014,0.00011337953788843904,0.9163694265127281,,-2.275,-1.777,-2.104,-1.977,0.8664226213964014,0.8572004882578941,,5.226383889842,0.333,-3.96,5.1670324791477755,0.0,-3.225531297342216,CCCCO,74.12299999999999,0.5128217987135145,0.7787999999999999,1.8791313408682448
51,GPCR_5HT2C,50,Pocket2Mol_1,Pocket2Mol,-2.183,-2.032,-4.233,-3.825,1.1449147734737253e-07,,,-2.07,-1.86,-4.259,-3.819,0.920334085232451,,,5.46347281699104,0.444,-3.617,6.112135198061591,0.0,-4.644693120716557,c1ccoc1,68.075,0.44603148755014616,1.2796,3.4100345361345177
52,GPCR_5HT2C,50,Pocket2Mol_10,Pocket2Mol,-2.423,-2.232,-4.383,-4.07,0.006046737628470625,0.3018430117315867,,-2.356,-2.272,-4.414,-4.213,0.9092345611009499,0.7087227879488073,,4.212744681321194,0.0,-3.463,6.009336085493138,0.0,-4.468385565030656,C1COCCO1,88.106,0.4157492501598946,0.03320000000000001,2.231084394440007
53,GPCR_5HT2C,50,Pocket2Mol_11,Pocket2Mol,-3.027,-2.404,-4.048,-3.712,0.7539067334364639,,,-2.753,-2.347,-4.03,-3.672,0.5599341821040535,,,5.102246732404593,0.0,-4.456,4.513928079678829,0.0,-5.081353722125647,O=C1CC=CN1,83.08999999999999,0.439188042424394,0.020000000000000073,3.7202545301866135
54,GPCR_5HT2C,50,Pocket2Mol_12,Pocket2Mol,-2.272,-2.186,-4.182,-3.986,0.050567212271980466,,,-2.357,-1.938,-4.159,-4.02,0.998080120013956,,,8.810127386990498,0.0,-3.717,5.152847164348026,0.0,-4.347566991981835,O=C1OCCO1,88.062,0.395310501894485,0.15320000000000006,2.785696159145891
55,GPCR_5HT2C,50,Pocket2Mol_13,Pocket2Mol,-2.748,-2.323,-4.373,-4.031,0.04106261086443687,,,-2.583,-2.438,-4.47,-4.197,0.8451750854429795,,,5.963626368242732,0.0,-4.37,5.312445072753099,0.0,-4.701962436451073,O=C1CCCO1,86.08999999999999,0.3967776605314054,0.3234,2.4724391455712276
56,GPCR_5HT2C,50,Pocket2Mol_14,Pocket2Mol,-3.596,-3.191,-4.807,-4.435,5.96948081097927e-20,0.1354706746629187,0.5930446968576729,-3.289,-2.96,-4.798,-4.655,0.905363222590723,0.9650550710015505,0.6109534999865731,5.503245445038168,0.222,-4.727,4.986779752436338,0.0,-5.326128039128065,CC1CCCC1,84.162,0.42179147361668384,2.1965000000000003,1.5726834894626336
57,GPCR_5HT2C,50,Pocket2Mol_15,Pocket2Mol,-3.005,-2.741,-4.405,-4.11,6.580972741610871e-09,0.2051878528265548,,-2.895,-2.771,-4.515,-4.218,0.9773664642677672,0.9363876502941345,,5.382380580808709,0.0,-4.466,4.776806639619316,0.0,-5.348035603194935,OC1CCCC1,86.134,0.46448993193719695,0.9213,1.8898744396888763
58,GPCR_5HT2C,50,Pocket2Mol_16,Pocket2Mol,-3.464,-3.051,-4.742,-4.448,0.0012064588021615077,0.390149189637948,0.005687474644268869,-3.51,-2.972,-4.742,-4.577,0.8899456131866573,0.9946044895885381,0.8691967869247959,5.183094899928678,0.0,-4.717,4.785092584489458,0.0,-5.1892961424400745,C1CCCCC1,84.162,0.42231618686094674,2.3406000000000002,1.0
59,GPCR_5HT2C,50,Pocket2Mol_17,Pocket2Mol,-2.815,-2.229,-4.356,-4.063,,,,-2.527,-2.314,-4.422,-4.069,,,,5.520625643590287,0.0,-4.411,5.34194793789895,0.0,-4.77592515178589,O=C1CC=CO1,84.074,0.3980844137850428,0.44699999999999995,3.7705242134445314
60,GPCR_5HT2C,50,Pocket2Mol_18,Pocket2Mol,-3.118,-2.62,-4.867,-4.501,0.01835458710816212,,,-2.957,-2.367,-4.711,-4.305,0.9076343629827172,,,4.497730312613239,0.444,-4.328,3.8205055107435264,0.0,-5.049900150255622,On1cccc1,83.08999999999999,0.45930111020247577,0.7253999999999998,3.1660092813178355
61,GPCR_5HT2C,50,Pocket2Mol_19,Pocket2Mol,-3.125,-2.712,-4.368,-4.3,0.00280473797290157,0.3592779631893183,,-2.971,-2.442,-5.114,-4.117,0.937705636219146,0.8755330387366356,,4.148916504140971,0.444,-4.08,4.2988619270972555,0.0,-5.256907842328283,Cn1cccc1,81.118,0.4392057746620909,1.0251,2.8873187835802785
62,GPCR_5HT2C,50,Pocket2Mol_2,Pocket2Mol,-2.799,-2.757,-4.512,-4.292,,,,-3.195,-2.469,-4.791,-4.274,,,,4.093533728455159,0.0,-4.281,3.911135181083977,0.0,-4.9467934326046334,C1=CC=CC=1,64.087,0.37193791467948784,1.2675,5.432985305365286
63,GPCR_5HT2C,50,Pocket2Mol_20,Pocket2Mol,-2.077,-2.014,-3.8,-3.791,4.030351884635585e-09,0.3491483887603406,,-2.223,-2.156,-3.922,-3.784,0.8422670711535782,0.8218812290189776,,5.3171631569381095,0.0,-3.201,5.467228361357701,0.0,-4.0563866559211945,CC(C)=O,58.080000000000005,0.3982369618339747,0.5952999999999999,1.6549326618525964
64,GPCR_5HT2C,50,Pocket2Mol_21,Pocket2Mol,-2.409,-2.365,-4.346,-4.234,0.00023996283402628662,,,-2.51,-2.308,-4.325,-4.175,0.6888251382612139,,,4.3271555006339515,0.0,-3.848,4.309681861297303,0.0,-4.759988936807149,CC1OCCO1,88.106,0.4258802125078894,0.3792,3.09711244873865
65,GPCR_5HT2C,50,Pocket2Mol_22,Pocket2Mol,-3.018,-2.845,-4.78,-4.625,0.0013005160729113755,,,-2.907,-2.74,-4.692,-4.582,0.6501172530025735,,,4.551853093887514,0.222,-4.094,4.357890369803377,0.0,-5.170889528816661,Cc1ccns1,99.15799999999999,0.47943025980521636,1.45152,3.3507739872001894
66,GPCR_5HT2C,50,Pocket2Mol_23,Pocket2Mol,-2.13,-1.925,10000.0,-2.314,0.004694134777446893,0.5300740575657841,,-2.026,-1.937,-2.517,-2.369,0.9576723853833429,0.9513121673417451,,5.077819219244944,0.0,-3.345,5.152364465427676,0.0,-2.992098288010554,COCCOC,90.122,0.4632611164076684,0.2792,1.6600343944400073
67,GPCR_5HT2C,50,Pocket2Mol_24,Pocket2Mol,-2.797,-2.577,-4.109,-4.005,0.00020260961585290098,,,-2.801,-2.437,-3.848,-3.992,0.7769492779137619,,,5.051717232618362,0.0,-3.979,5.551740258233435,0.0,-4.755274712031958,CN1CC=CC1,83.134,0.3851053504833924,0.488,3.2540626749829933
68,GPCR_5HT2C,50,Pocket2Mol_25,Pocket2Mol,-4.027,-3.708,-5.669,-4.992,0.019191138932227722,0.607859737736661,0.15514065684736722,-4.509,-3.813,-5.643,-5.076,0.9718069589632534,0.9891237043703998,0.9914027268466343,3.8033553196017404,0.444,-5.655,3.697953200280895,0.0,-5.8420544415024915,Cc1ccccc1,92.14099999999998,0.4588062796575454,1.99502,1.0
69,GPCR_5HT2C,50,Pocket2Mol_26,Pocket2Mol,-2.739,-2.551,-4.496,-4.215,0.1681694662185561,,,-2.648,-2.339,-4.343,-4.319,0.8511485966444581,,,5.03905308394912,0.0,-4.157,4.575690058378673,0.0,-4.779015609488148,O=C1COCCO1,102.089,0.3888163964787349,-0.44020000000000015,2.810940509601002
70,GPCR_5HT2C,50,Pocket2Mol_27,Pocket2Mol,-3.675,-3.313,-4.61,-4.597,0.0001057088707848047,0.3654170499228099,0.7901615298765293,-3.47,-2.832,-5.49,-4.471,0.9900057137288444,0.9765937431281813,0.9767393833647102,5.299492075931159,0.444,-5.231,4.770139040690593,0.0,-6.071417324224836,Oc1ccccc1,94.11299999999997,0.514729544768675,1.3921999999999997,1.1765612788317714
71,GPCR_5HT2C,50,Pocket2Mol_28,Pocket2Mol,-3.807,-3.517,-4.731,-4.472,0.0032993962570199006,0.2657584772326099,0.2195138785793228,-3.763,-2.939,-4.843,-4.374,0.9908941702138989,0.9870558893339418,0.8532173754049226,5.5843774534729596,0.444,-5.301,4.939802770268028,0.0,-5.716866154815986,Nc1ccccc1,93.12899999999996,0.48007546344555985,1.2688,1.2633697403702335
72,GPCR_5HT2C,50,Pocket2Mol_29,Pocket2Mol,-3.248,-3.084,-4.815,-4.826,5.729878451718698e-08,0.4059098394643134,0.14530703782783302,-3.794,-3.303,-4.936,-4.918,0.8317425749151897,0.9423095341799322,0.30278670999423685,5.514867406384312,0.0,-5.613,4.482808746633746,0.0,-5.397446692660601,O=C1CCCCC1,98.145,0.448625540575247,1.5196,2.0078358942163863
73,GPCR_5HT2C,50,Pocket2Mol_3,Pocket2Mol,-2.414,-2.324,-4.368,-4.41,0.00017516760538984128,,,-2.56,-2.404,-4.38,-4.268,0.8532309220375295,,,5.111579938727358,0.0,-3.704,3.87834333057025,0.0,-4.566975264206141,C1=NCCC1,69.10699999999999,0.39960950981584775,0.851,3.9895329976729794
74,GPCR_5HT2C,50,Pocket2Mol_30,Pocket2Mol,-2.25,-2.508,-4.346,-4.062,0.0027347695502541163,,,-2.409,-2.32,-4.108,-4.08,0.712124115401956,,,4.482633909241945,0.0,-3.89,5.280806303634593,0.0,-5.314725499823694,OCC1OCCO1,104.10499999999999,0.4802035052340686,-0.6483999999999999,3.0429258942163857
75,GPCR_5HT2C,50,Pocket2Mol_31,Pocket2Mol,-1.597,-1.349,-0.8717,-0.7554,1.8115495031808297e-08,,,-1.717,-1.318,-0.8872,-0.8634,0.7814491313376455,,,9.713047369389278,0.0,-3.466,5.270920867204374,0.0,-1.9621781535702034,OCCO,62.068000000000005,0.40752789066641704,-1.0290000000000001,2.276784584929519
76,GPCR_5HT2C,50,Pocket2Mol_32,Pocket2Mol,-4.052,-3.197,-5.136,-4.256,0.003119968699204364,0.41562942494824817,0.742115196132282,-3.783,-3.056,-5.2,-4.445,0.9750765722072384,0.9932612364489612,0.9971959303447511,4.889968493325319,0.444,-5.438,4.592778974166029,0.0,-5.8014624001636,Fc1ccccc1,96.104,0.46184033029146143,1.8256999999999999,1.0
77,GPCR_5HT2C,50,Pocket2Mol_33,Pocket2Mol,-1.864,-1.864,-4.423,-4.349,,,,-2.028,-2.028,-4.612,-4.369,,,,5.017082326127692,0.0,-4.112,4.589339457702725,0.0,-5.037416422060954,C1COCCOC1,102.133,0.44111814422325407,0.4233,2.179368641469134
78,GPCR_5HT2C,50,Pocket2Mol_34,Pocket2Mol,-3.864,-3.365,-4.987,-4.325,1.356610376819465e-10,0.2647076826273838,0.006596555660262662,-3.275,-3.178,-5.052,-4.701,0.865005013335663,0.941296553194892,0.6317003725147212,5.389627994451141,0.0,-5.259,4.674851264452287,0.0,-5.591561760124773,OC1CCCCC1,100.161,0.4863248839438126,1.3114,1.8182543557548474
79,GPCR_5HT2C,50,Pocket2Mol_35,Pocket2Mol,-3.305,-2.721,-4.458,-4.371,0.0002327130831484664,,,-3.257,-2.925,-4.534,-4.424,0.2764290698392556,,,5.100126813269307,0.444,-5.254,4.791853741219495,0.0,-5.113558639946356,O=c1cccco1,96.08499999999998,0.4740663170949623,0.6397999999999999,2.396262048062539
80,GPCR_5HT2C,50,Pocket2Mol_36,Pocket2Mol,-3.511,-3.038,-4.584,-4.573,2.0385405940780225e-08,0.3699084115765173,,-3.718,-3.244,-4.722,-4.558,0.9097450956904386,0.964548617732704,,5.441834118199488,0.0,-5.471,4.216022368051671,0.0,-5.433963766638853,OC1=CCCCC1,98.145,0.49097431760981713,2.0023,2.889794355754848
81,GPCR_5HT2C,50,Pocket2Mol_37,Pocket2Mol,-1.922,-1.922,-4.612,-4.29,,,,-1.938,-1.938,-4.719,-4.451,,,,4.405555280876311,0.0,-3.817,4.2339356228784855,0.0,-5.077762744301475,C1COCOCO1,104.10499999999999,0.4314554595233663,-0.0351999999999999,3.0680807293812222
82,GPCR_5HT2C,50,Pocket2Mol_38,Pocket2Mol,-3.671,-3.445,-4.932,-4.76,,,,-3.553,-3.196,-4.844,-4.771,,,,3.840944569838444,0.222,-5.111,4.050832289228017,0.0,-5.2182450432063865,CC1=CC=NC1=O,95.10099999999998,0.43153299075234863,0.5437000000000001,3.2745636674957375
83,GPCR_5HT2C,50,Pocket2Mol_39,Pocket2Mol,-3.829,-3.412,-5.096,-4.74,5.332851703093476e-07,0.3642197105860304,0.42238051206662475,-3.432,-2.819,-5.058,-4.705,0.6968266471875108,0.9497900531980078,0.9915251278299032,5.321356269249949,0.333,-5.104,4.814045896335224,0.0,-5.86671894304694,Cc1ccc(C)s1,112.19699999999997,0.4830395759177518,2.3649400000000007,2.1351053679005965
84,GPCR_5HT2C,50,Pocket2Mol_4,Pocket2Mol,-1.781,-1.76,-1.773,-1.442,0.09345404804380297,0.6521198191077341,,-1.847,-1.845,-1.764,-1.564,0.8947373963734894,0.6792412138381949,,9.055800197552946,0.0,-3.59,5.627915385506361,0.0,-2.4244635867532036,COC(C)=O,74.07900000000001,0.38296659073251405,0.1792999999999999,1.7363164941764762
85,GPCR_5HT2C,50,Pocket2Mol_40,Pocket2Mol,-2.317,-1.924,-0.4588,10000.0,0.08607120019426363,0.9111680300958005,,-2.296,-2.213,0.06587,0.277,0.7368736560141538,0.9088867259323268,,9.21090199584942,0.0,-4.087,5.809869473263013,0.0,-4.6787144454445455,COC(=O)C(=O)O,104.06099999999998,0.3239550457995007,-0.756,2.2186444010037167
86,GPCR_5HT2C,50,Pocket2Mol_41,Pocket2Mol,-2.014,-2.014,-4.43,-4.322,,,,-2.019,-2.019,-4.399,-4.441,,,,5.316652934345604,0.0,-4.132,4.398834367969915,0.0,-5.263957291447267,C1=COCCOC1,100.11699999999998,0.44219820121012926,0.5469,3.605542267842761
87,GPCR_5HT2C,50,Pocket2Mol_42,Pocket2Mol,-1.696,-1.053,-3.554,-3.151,,,,-1.614,-1.63,-3.668,-3.674,,,,9.660680936662798,0.0,-3.376,6.036943389448506,0.0,-4.483718937785904,COCO,62.068000000000005,0.4179983966500295,-0.41739999999999994,2.601476892621827
88,GPCR_5HT2C,50,Pocket2Mol_43,Pocket2Mol,-3.355,-3.234,-4.693,-4.383,0.4229384222217653,0.5842787530567669,,-3.206,-2.933,-4.704,-4.639,0.6802333109983187,0.7310611726684172,,4.928831795379393,0.0,-4.792,4.0726570876845765,0.0,-5.071432763300435,O=C1CCCCO1,100.117,0.41897611120492895,0.7134999999999999,2.2848766634471556
89,GPCR_5HT2C,50,Pocket2Mol_44,Pocket2Mol,-2.389,-1.977,-1.471,10000.0,0.04121963516327847,0.9767559959671683,,-2.305,-2.234,-1.203,-0.8995,0.7049369778909595,0.9008136427312206,,9.84593184619922,0.0,-4.473,3.7732049527155285,0.0,-4.8366703241677955,COC(=O)C(N)=O,103.077,0.30398618074987616,-1.3553000000000002,2.4241457584697805
90,GPCR_5HT2C,50,Pocket2Mol_45,Pocket2Mol,-1.743,-1.743,-4.066,-3.595,0.04902139436265881,,,-1.857,-1.634,-3.97,-3.687,0.8648874071576248,,,5.091097887489494,0.0,-3.106,5.429078832221631,0.0,-4.409315239667828,C1COCO1,74.07900000000001,0.4020858486861461,-0.009299999999999975,2.90882222844221
91,GPCR_5HT2C,50,Pocket2Mol_46,Pocket2Mol,-2.341,-1.774,-1.837,-1.674,0.0012081464913734866,,,-1.9,-1.543,-1.712,-1.807,0.8984267442518228,,,9.318726778804066,0.0,-3.505,5.603819629747803,0.0,-2.8202580016950307,COCCO,76.095,0.48573367049540345,-0.3749,2.14296447696292
92,GPCR_5HT2C,50,Pocket2Mol_47,Pocket2Mol,-3.022,-2.474,-4.366,-4.266,2.4977422848719626e-08,0.08297377337074609,0.4087848328754285,-3.022,-2.622,-4.435,-4.325,0.9692771401057176,0.9370171905676218,0.644142642955201,5.260040508779377,0.0,-4.272,4.116676451530434,0.0,-4.723085893181356,C1CCCC1,70.135,0.40836192922302755,1.9505000000000001,1.0
93,GPCR_5HT2C,50,Pocket2Mol_48,Pocket2Mol,-2.501,-2.285,-3.957,-3.896,0.000198896353324759,0.6198247630773996,,-2.608,-2.055,-3.923,-3.677,0.9644389402862213,0.985591232197509,,5.33430159102389,0.0,-3.659,4.412338265877356,0.0,-4.817768907472631,C1CCNC1,71.12299999999999,0.4347944578283113,0.36979999999999996,2.1924683822883626
94,GPCR_5HT2C,50,Pocket2Mol_49,Pocket2Mol,-2.411,-1.952,-4.25,-3.744,3.5279222022329965e-12,,,-2.308,-1.98,-4.248,-3.99,0.8228694122777584,,,5.704632394466798,0.0,-3.602,5.566810488931879,0.0,-4.606358884138636,C1CCOC1,72.107,0.4109376010493491,0.7968000000000001,2.0262776130575944
95,GPCR_5HT2C,50,Pocket2Mol_5,Pocket2Mol,-3.039,-2.793,-4.255,-4.405,9.913904966950235e-06,,,-2.998,-2.444,-4.41,-4.12,0.9963769850212624,,,5.314265437104171,0.0,-4.384,4.189332233248969,0.0,-4.854891428644176,C1=CCCC1,68.11899999999999,0.37908242774858664,1.7265,2.733714536134517
96,GPCR_5HT2C,50,Pocket2Mol_6,Pocket2Mol,-3.455,-3.26,-4.806,-4.59,0.280051174902307,0.13747832910046273,0.0884925856842597,-3.236,-2.873,-4.836,-4.533,0.9950078693466838,0.9982805213773356,0.9919962366874518,4.592532897541399,0.444,-5.026,3.902555354192495,0.0,-5.203519796645027,c1ccccc1,78.11399999999999,0.4426283718993647,1.6866,1.0
97,GPCR_5HT2C,50,Pocket2Mol_7,Pocket2Mol,-2.948,-2.731,-4.47,-4.437,0.011389776274917482,,,-2.786,-2.426,-4.343,-4.143,0.8916567552163642,,,4.671797304571335,0.0,-4.317,4.438751802344023,0.0,-5.087684436216584,O=C1CCC=N1,83.08999999999999,0.41591891669114184,0.37760000000000005,3.712142312992043
98,GPCR_5HT2C,50,Pocket2Mol_8,Pocket2Mol,-3.068,-2.909,-4.661,-4.388,5.706731042156076e-10,0.16112679762570425,0.3344967645632309,-2.794,-2.426,-5.061,-4.37,0.7721927470550098,0.9786531258935127,0.9932067194072843,5.615685697668629,0.444,-4.536,5.880827564156255,0.0,-5.528371477390267,Cc1cccs1,98.16999999999999,0.4656159934955298,2.05652,2.6475848469286944
99,GPCR_5HT2C,50,Pocket2Mol_9,Pocket2Mol,-2.115,-1.702,-1.26,-0.6247,0.8009698660978195,,,-1.617,-1.612,-0.8915,-0.6702,0.782274748718337,,,8.624355619262229,0.0,-3.225,15.900328540201738,0.0,-3.727162829303735,CC(=O)O,60.05200000000001,0.4298828832001217,0.09089999999999993,1.5149307387756714
